Project;Package;Class;Method;Version;Actual;Predicted
BOOKKEEPER;org.apache.bookkeeper.proto;Segment;newBuilderForType;4.1.1;false;false
BOOKKEEPER;org.apache.bookkeeper.proto;Segment;newBuilderForType;4.2.0;false;false
BOOKKEEPER;org.apache.bookkeeper.proto;Segment;newBuilderForType;4.2.1;false;false
BOOKKEEPER;org.apache.bookkeeper.proto;LockDataFormat;internalGetFieldAccessorTable;4.1.1;false;false
BOOKKEEPER;org.apache.bookkeeper.proto;LockDataFormat;internalGetFieldAccessorTable;4.2.0;false;false
BOOKKEEPER;org.apache.bookkeeper.proto;LockDataFormat;internalGetFieldAccessorTable;4.2.1;false;false
BOOKKEEPER;org.apache.bookkeeper.proto;Counter;dec;4.0.0;false;false
BOOKKEEPER;org.apache.hedwig.protocol;SubscribeRequest;writeTo;4.0.0;true;true
BOOKKEEPER;org.apache.hedwig.protocol;SubscribeRequest;writeTo;4.1.0;true;true
BOOKKEEPER;org.apache.hedwig.protocol;SubscribeRequest;writeTo;4.1.1;false;false
BOOKKEEPER;org.apache.hedwig.protocol;SubscribeRequest;writeTo;4.2.0;false;false
BOOKKEEPER;org.apache.hedwig.protocol;SubscribeRequest;writeTo;4.2.1;false;false
BOOKKEEPER;org.apache.hedwig.jms;QueueSubscription;isTopic;4.2.1;false;false
BOOKKEEPER;org.apache.bookkeeper.bookie;Bookie;process;4.0.0;false;false
BOOKKEEPER;org.apache.bookkeeper.bookie;Bookie;process;4.1.0;false;false
BOOKKEEPER;org.apache.bookkeeper.bookie;Bookie;process;4.1.1;false;false
BOOKKEEPER;org.apache.bookkeeper.bookie;Bookie;process;4.2.0;false;false
BOOKKEEPER;org.apache.bookkeeper.bookie;Bookie;process;4.2.1;false;false
BOOKKEEPER;org.apache.hedwig.jms.message;MapMessageImpl;getFloat;4.2.1;false;false
BOOKKEEPER;org.apache.bookkeeper.metastore;MetastoreTableItem;setValue;4.1.1;false;false
BOOKKEEPER;org.apache.bookkeeper.metastore;MetastoreTableItem;setValue;4.2.0;false;false
BOOKKEEPER;org.apache.bookkeeper.metastore;MetastoreTableItem;setValue;4.2.1;false;false
BOOKKEEPER;org.apache.bookkeeper.bookie;InterleavedLedgerStorage;getEntry;4.1.0;false;false
BOOKKEEPER;org.apache.bookkeeper.bookie;InterleavedLedgerStorage;getEntry;4.1.1;false;false
BOOKKEEPER;org.apache.bookkeeper.bookie;InterleavedLedgerStorage;getEntry;4.2.0;false;false
BOOKKEEPER;org.apache.bookkeeper.bookie;InterleavedLedgerStorage;getEntry;4.2.1;false;false
BOOKKEEPER;org.apache.bookkeeper.bookie;LedgerCacheImpl;ledgerExists;4.1.0;false;false
BOOKKEEPER;org.apache.bookkeeper.bookie;LedgerCacheImpl;ledgerExists;4.1.1;false;false
BOOKKEEPER;org.apache.bookkeeper.bookie;LedgerCacheImpl;ledgerExists;4.2.0;false;false
BOOKKEEPER;org.apache.bookkeeper.bookie;LedgerCacheImpl;ledgerExists;4.2.1;false;false
BOOKKEEPER;org.apache.bookkeeper.client;CloseCb;operationComplete;4.1.0;false;false
BOOKKEEPER;org.apache.bookkeeper.client;CloseCb;operationComplete;4.1.1;false;false
BOOKKEEPER;org.apache.bookkeeper.client;CloseCb;operationComplete;4.2.0;false;false
BOOKKEEPER;org.apache.bookkeeper.client;CloseCb;operationComplete;4.2.1;false;false
BOOKKEEPER;org.apache.hedwig.server.topics;AbstractTopicManager;realGetOwner;4.0.0;false;false
BOOKKEEPER;org.apache.hedwig.server.topics;AbstractTopicManager;realGetOwner;4.1.0;false;false
BOOKKEEPER;org.apache.hedwig.server.topics;AbstractTopicManager;realGetOwner;4.1.1;false;false
BOOKKEEPER;org.apache.hedwig.server.topics;AbstractTopicManager;realGetOwner;4.2.0;true;true
BOOKKEEPER;org.apache.hedwig.server.topics;AbstractTopicManager;realGetOwner;4.2.1;true;true
BOOKKEEPER;org.apache.hedwig.protocol;SubscriptionOptionsOrBuilder;getOptionsOrBuilder;4.1.1;false;false
BOOKKEEPER;org.apache.hedwig.protocol;SubscriptionOptionsOrBuilder;getOptionsOrBuilder;4.2.0;true;true
BOOKKEEPER;org.apache.hedwig.protocol;SubscriptionOptionsOrBuilder;getOptionsOrBuilder;4.2.1;false;false
BOOKKEEPER;org.apache.bookkeeper.meta;FlatLedgerManager;asyncProcessLedgers;4.0.0;false;false
BOOKKEEPER;org.apache.bookkeeper.meta;FlatLedgerManager;asyncProcessLedgers;4.1.0;false;false
BOOKKEEPER;org.apache.bookkeeper.meta;FlatLedgerManager;asyncProcessLedgers;4.1.1;false;false
BOOKKEEPER;org.apache.bookkeeper.meta;FlatLedgerManager;asyncProcessLedgers;4.2.0;false;false
BOOKKEEPER;org.apache.bookkeeper.meta;FlatLedgerManager;asyncProcessLedgers;4.2.1;false;false
BOOKKEEPER;org.apache.bookkeeper.client;LedgerMetadata;updateZnodeStatus;4.0.0;false;false
BOOKKEEPER;org.apache.bookkeeper.client;LedgerMetadata;updateZnodeStatus;4.1.0;false;false
BOOKKEEPER;org.apache.bookkeeper.client;LedgerMetadata;updateZnodeStatus;4.1.1;false;false
BOOKKEEPER;org.apache.bookkeeper.client;LedgerMetadata;updateZnodeStatus;4.2.0;false;false
BOOKKEEPER;org.apache.bookkeeper.client;LedgerMetadata;updateZnodeStatus;4.2.1;false;false
BOOKKEEPER;org.apache.hedwig.jms.selector;TreeDumperSelectorParserVisitor;emitDebug;4.2.1;false;false
BOOKKEEPER;org.apache.hedwig.jms.message;MessageImpl;setJMSTimestamp;4.2.1;false;false
BOOKKEEPER;org.apache.hedwig.client.netty.impl.simple;SimpleHChannelManager;closeSubscriptionChannels;4.1.1;false;false
BOOKKEEPER;org.apache.hedwig.client.netty.impl.simple;SimpleHChannelManager;closeSubscriptionChannels;4.2.0;false;false
BOOKKEEPER;org.apache.hedwig.client.netty.impl.simple;SimpleHChannelManager;closeSubscriptionChannels;4.2.1;false;false
BOOKKEEPER;org.apache.hedwig.server.delivery;FIFODeliveryManager;performRequest;4.1.1;false;false
BOOKKEEPER;org.apache.hedwig.server.delivery;FIFODeliveryManager;performRequest;4.2.0;false;false
BOOKKEEPER;org.apache.hedwig.server.delivery;FIFODeliveryManager;performRequest;4.2.1;false;false
BOOKKEEPER;org.apache.hedwig.jms.spi;HedwigConnectionImpl;createQueueSession;4.2.1;false;false
BOOKKEEPER;org.apache.hedwig.protocol;Builder;clearStartDeliveryRequest;4.0.0;false;false
BOOKKEEPER;org.apache.hedwig.protocol;Builder;clearStartDeliveryRequest;4.1.0;false;false
BOOKKEEPER;org.apache.hedwig.protocol;Builder;clearStartDeliveryRequest;4.1.1;false;false
BOOKKEEPER;org.apache.hedwig.protocol;Builder;clearStartDeliveryRequest;4.2.0;false;false
BOOKKEEPER;org.apache.hedwig.protocol;Builder;clearStartDeliveryRequest;4.2.1;true;true
BOOKKEEPER;org.apache.hedwig.server.topics;ZkHubServerManager;registerListener;4.1.1;true;true
BOOKKEEPER;org.apache.hedwig.server.topics;ZkHubServerManager;registerListener;4.2.0;false;false
BOOKKEEPER;org.apache.hedwig.server.topics;ZkHubServerManager;registerListener;4.2.1;false;false
BOOKKEEPER;org.apache.bookkeeper.bookie;LedgerStorage;getEntry;4.1.0;false;false
BOOKKEEPER;org.apache.bookkeeper.bookie;LedgerStorage;getEntry;4.1.1;false;false
BOOKKEEPER;org.apache.bookkeeper.bookie;LedgerStorage;getEntry;4.2.0;false;false
BOOKKEEPER;org.apache.bookkeeper.bookie;LedgerStorage;getEntry;4.2.1;false;false
BOOKKEEPER;org.apache.hedwig.server.benchmark;AbstractBenchmark;runPhase;4.0.0;false;false
BOOKKEEPER;org.apache.hedwig.server.benchmark;AbstractBenchmark;runPhase;4.1.0;false;false
BOOKKEEPER;org.apache.hedwig.server.benchmark;AbstractBenchmark;runPhase;4.1.1;false;false
BOOKKEEPER;org.apache.hedwig.server.benchmark;AbstractBenchmark;runPhase;4.2.0;false;false
BOOKKEEPER;org.apache.hedwig.server.benchmark;AbstractBenchmark;runPhase;4.2.1;false;false
BOOKKEEPER;org.apache.hedwig.client.handlers;AbstractResponseHandler;handleResponse;4.1.1;false;false
BOOKKEEPER;org.apache.hedwig.client.handlers;AbstractResponseHandler;handleResponse;4.2.0;false;false
BOOKKEEPER;org.apache.hedwig.client.handlers;AbstractResponseHandler;handleResponse;4.2.1;true;true
BOOKKEEPER;org.apache.bookkeeper.bookie;Journal;fullRead;4.1.0;true;true
BOOKKEEPER;org.apache.bookkeeper.bookie;Journal;fullRead;4.1.1;false;false
BOOKKEEPER;org.apache.bookkeeper.bookie;Journal;fullRead;4.2.0;false;false
BOOKKEEPER;org.apache.bookkeeper.bookie;Journal;fullRead;4.2.1;false;false
BOOKKEEPER;org.apache.hedwig.protocol;SubscribeResponse;initFields;4.1.1;true;true
BOOKKEEPER;org.apache.hedwig.protocol;SubscribeResponse;initFields;4.2.0;true;true
BOOKKEEPER;org.apache.hedwig.protocol;SubscribeResponse;initFields;4.2.1;false;false
BOOKKEEPER;org.apache.hedwig.server.netty;PubSubServerMXBean;getUnsubStats;4.1.0;false;false
BOOKKEEPER;org.apache.hedwig.server.netty;PubSubServerMXBean;getUnsubStats;4.1.1;false;false
BOOKKEEPER;org.apache.hedwig.server.netty;PubSubServerMXBean;getUnsubStats;4.2.0;false;false
BOOKKEEPER;org.apache.hedwig.server.netty;PubSubServerMXBean;getUnsubStats;4.2.1;false;false
BOOKKEEPER;org.apache.bookkeeper.client;LedgerMetadata;serializeVersion1;4.1.1;false;false
BOOKKEEPER;org.apache.bookkeeper.client;LedgerMetadata;serializeVersion1;4.2.0;false;false
BOOKKEEPER;org.apache.bookkeeper.client;LedgerMetadata;serializeVersion1;4.2.1;false;false
BOOKKEEPER;org.apache.bookkeeper.proto;CookieFormat;getBookieHost;4.1.1;false;false
BOOKKEEPER;org.apache.bookkeeper.proto;CookieFormat;getBookieHost;4.2.0;false;false
BOOKKEEPER;org.apache.bookkeeper.proto;CookieFormat;getBookieHost;4.2.1;true;true
BOOKKEEPER;org.apache.hedwig.server.common;ServerConfiguration;getServerPort;4.0.0;false;false
BOOKKEEPER;org.apache.hedwig.server.common;ServerConfiguration;getServerPort;4.1.0;false;false
BOOKKEEPER;org.apache.hedwig.server.common;ServerConfiguration;getServerPort;4.1.1;false;false
BOOKKEEPER;org.apache.hedwig.server.common;ServerConfiguration;getServerPort;4.2.0;false;false
BOOKKEEPER;org.apache.hedwig.server.common;ServerConfiguration;getServerPort;4.2.1;false;false
BOOKKEEPER;org.apache.bookkeeper.bookie;LastLogMark;rollLog;4.0.0;false;false
BOOKKEEPER;org.apache.bookkeeper.bookie;LastLogMark;rollLog;4.1.0;false;false
BOOKKEEPER;org.apache.bookkeeper.bookie;LastLogMark;rollLog;4.1.1;false;false
BOOKKEEPER;org.apache.bookkeeper.bookie;LastLogMark;rollLog;4.2.0;true;true
BOOKKEEPER;org.apache.bookkeeper.bookie;LastLogMark;rollLog;4.2.1;true;true
BOOKKEEPER;org.apache.hedwig.server.topics;AbstractTopicManager;releaseTopic;4.0.0;true;true
BOOKKEEPER;org.apache.hedwig.server.topics;AbstractTopicManager;releaseTopic;4.1.0;false;false
BOOKKEEPER;org.apache.hedwig.server.topics;AbstractTopicManager;releaseTopic;4.1.1;true;true
BOOKKEEPER;org.apache.hedwig.server.topics;AbstractTopicManager;releaseTopic;4.2.0;true;true
BOOKKEEPER;org.apache.hedwig.server.topics;AbstractTopicManager;releaseTopic;4.2.1;true;true
BOOKKEEPER;org.apache.hedwig.server.persistence;LocalDBPersistenceManager;createTable;4.0.0;false;false
BOOKKEEPER;org.apache.hedwig.server.persistence;LocalDBPersistenceManager;createTable;4.1.0;false;false
BOOKKEEPER;org.apache.hedwig.server.persistence;LocalDBPersistenceManager;createTable;4.1.1;true;true
BOOKKEEPER;org.apache.hedwig.server.persistence;LocalDBPersistenceManager;createTable;4.2.0;false;false
BOOKKEEPER;org.apache.hedwig.server.persistence;LocalDBPersistenceManager;createTable;4.2.1;false;false
BOOKKEEPER;org.apache.hedwig.jms;Subscriptions;createIfMissingAndAdd;4.2.1;false;false
BOOKKEEPER;org.apache.bookkeeper.meta;LedgerUnderreplicationManager;markLedgerReplicated;4.1.1;false;false
BOOKKEEPER;org.apache.bookkeeper.meta;LedgerUnderreplicationManager;markLedgerReplicated;4.2.0;false;false
BOOKKEEPER;org.apache.bookkeeper.meta;LedgerUnderreplicationManager;markLedgerReplicated;4.2.1;true;true
BOOKKEEPER;org.apache.hedwig.server.delivery;ActiveSubscriberState;getLastScanErrorTime;4.0.0;false;false
BOOKKEEPER;org.apache.hedwig.server.delivery;ActiveSubscriberState;getLastScanErrorTime;4.1.0;false;false
BOOKKEEPER;org.apache.hedwig.server.delivery;ActiveSubscriberState;getLastScanErrorTime;4.1.1;false;false
BOOKKEEPER;org.apache.hedwig.server.delivery;ActiveSubscriberState;getLastScanErrorTime;4.2.0;false;false
BOOKKEEPER;org.apache.hedwig.server.delivery;ActiveSubscriberState;getLastScanErrorTime;4.2.1;false;false
BOOKKEEPER;org.apache.hedwig.server.meta;MsSubscriptionDataManagerImpl;complete;4.1.1;false;false
BOOKKEEPER;org.apache.hedwig.server.meta;MsSubscriptionDataManagerImpl;complete;4.2.0;false;false
BOOKKEEPER;org.apache.hedwig.server.meta;MsSubscriptionDataManagerImpl;complete;4.2.1;false;false
BOOKKEEPER;org.apache.hedwig.server.proxy;HedwigProxy;getStopDeliveryHandler;4.1.0;false;false
BOOKKEEPER;org.apache.hedwig.server.proxy;HedwigProxy;getStopDeliveryHandler;4.1.1;false;false
BOOKKEEPER;org.apache.hedwig.server.proxy;HedwigProxy;getStopDeliveryHandler;4.2.0;false;false
BOOKKEEPER;org.apache.hedwig.server.proxy;HedwigProxy;getStopDeliveryHandler;4.2.1;false;false
BOOKKEEPER;org.apache.bookkeeper.bookie;FileSystemUpgrade;detectPreviousVersion;4.1.0;false;false
BOOKKEEPER;org.apache.bookkeeper.bookie;FileSystemUpgrade;detectPreviousVersion;4.1.1;true;true
BOOKKEEPER;org.apache.bookkeeper.bookie;FileSystemUpgrade;detectPreviousVersion;4.2.0;false;false
BOOKKEEPER;org.apache.bookkeeper.bookie;FileSystemUpgrade;detectPreviousVersion;4.2.1;false;false
BOOKKEEPER;org.apache.hedwig.protocol;SubscriptionState;getMessageBound;4.1.0;false;false
BOOKKEEPER;org.apache.hedwig.protocol;SubscriptionState;getMessageBound;4.1.1;false;false
BOOKKEEPER;org.apache.hedwig.protocol;SubscriptionState;getMessageBound;4.2.0;false;false
BOOKKEEPER;org.apache.hedwig.protocol;SubscriptionState;getMessageBound;4.2.1;false;false
BOOKKEEPER;org.apache.hedwig.util;DirDeleterThred;addDirToDelete;4.0.0;false;false
BOOKKEEPER;org.apache.hedwig.util;DirDeleterThred;addDirToDelete;4.1.0;false;false
BOOKKEEPER;org.apache.hedwig.util;DirDeleterThred;addDirToDelete;4.1.1;false;false
BOOKKEEPER;org.apache.hedwig.util;DirDeleterThred;addDirToDelete;4.2.0;false;false
BOOKKEEPER;org.apache.hedwig.util;DirDeleterThred;addDirToDelete;4.2.1;false;false
BOOKKEEPER;org.apache.hedwig.protocol;LedgerRange;getDefaultInstance;4.0.0;false;false
BOOKKEEPER;org.apache.hedwig.protocol;LedgerRange;getDefaultInstance;4.1.0;false;false
BOOKKEEPER;org.apache.hedwig.protocol;LedgerRange;getDefaultInstance;4.1.1;false;false
BOOKKEEPER;org.apache.hedwig.protocol;LedgerRange;getDefaultInstance;4.2.0;false;false
BOOKKEEPER;org.apache.hedwig.protocol;LedgerRange;getDefaultInstance;4.2.1;false;false
BOOKKEEPER;org.apache.bookkeeper.client;ReadOnlyBookieWatcher;process;4.1.1;false;false
BOOKKEEPER;org.apache.bookkeeper.client;ReadOnlyBookieWatcher;process;4.2.0;false;false
BOOKKEEPER;org.apache.bookkeeper.client;ReadOnlyBookieWatcher;process;4.2.1;true;true
BOOKKEEPER;org.apache.hedwig.client.netty.impl.multiplex;ActiveSubscriber;processEvent;4.1.1;false;false
BOOKKEEPER;org.apache.hedwig.client.netty.impl.multiplex;ActiveSubscriber;processEvent;4.2.0;false;false
BOOKKEEPER;org.apache.hedwig.client.netty.impl.multiplex;ActiveSubscriber;processEvent;4.2.1;false;false
BOOKKEEPER;org.apache.hedwig.protocol;StartDeliveryRequest;getDefaultInstance;4.0.0;false;false
BOOKKEEPER;org.apache.hedwig.protocol;StartDeliveryRequest;getDefaultInstance;4.1.0;false;false
BOOKKEEPER;org.apache.hedwig.protocol;StartDeliveryRequest;getDefaultInstance;4.1.1;false;false
BOOKKEEPER;org.apache.hedwig.protocol;StartDeliveryRequest;getDefaultInstance;4.2.0;false;false
BOOKKEEPER;org.apache.hedwig.protocol;StartDeliveryRequest;getDefaultInstance;4.2.1;false;false
BOOKKEEPER;org.apache.hedwig.server.topics;HubLoad;setNumTopics;4.1.1;false;false
BOOKKEEPER;org.apache.hedwig.server.topics;HubLoad;setNumTopics;4.2.0;false;false
BOOKKEEPER;org.apache.hedwig.server.topics;HubLoad;setNumTopics;4.2.1;true;true
BOOKKEEPER;org.apache.hedwig.protocol;Builder;getTriedServersCount;4.0.0;false;false
BOOKKEEPER;org.apache.hedwig.protocol;Builder;getTriedServersCount;4.1.0;false;false
BOOKKEEPER;org.apache.hedwig.protocol;Builder;getTriedServersCount;4.1.1;false;false
BOOKKEEPER;org.apache.hedwig.protocol;Builder;getTriedServersCount;4.2.0;false;false
BOOKKEEPER;org.apache.hedwig.protocol;Builder;getTriedServersCount;4.2.1;false;false
BOOKKEEPER;org.apache.hedwig.protocol;RegionSpecificSeqIdOrBuilder;getRegion;4.1.1;false;false
BOOKKEEPER;org.apache.hedwig.protocol;RegionSpecificSeqIdOrBuilder;getRegion;4.2.0;false;false
BOOKKEEPER;org.apache.hedwig.protocol;RegionSpecificSeqIdOrBuilder;getRegion;4.2.1;false;false
BOOKKEEPER;org.apache.bookkeeper.proto;LedgerRereplicationLayoutFormat;writeTo;4.1.1;false;false
BOOKKEEPER;org.apache.bookkeeper.proto;LedgerRereplicationLayoutFormat;writeTo;4.2.0;true;true
BOOKKEEPER;org.apache.bookkeeper.proto;LedgerRereplicationLayoutFormat;writeTo;4.2.1;false;false
BOOKKEEPER;org.apache.bookkeeper.bookie;BookieShell;initJournal;4.1.1;false;false
BOOKKEEPER;org.apache.bookkeeper.bookie;BookieShell;initJournal;4.2.0;false;false
BOOKKEEPER;org.apache.bookkeeper.bookie;BookieShell;initJournal;4.2.1;false;false
BOOKKEEPER;org.apache.hedwig.jms;TransactedReceiveOperation;toString;4.2.1;false;false
BOOKKEEPER;org.apache.hedwig.client.handlers;SubscribeResponseHandler;getMessageHandler;4.0.0;false;false
BOOKKEEPER;org.apache.hedwig.client.handlers;SubscribeResponseHandler;getMessageHandler;4.1.0;false;false
BOOKKEEPER;org.apache.hedwig.client.handlers;SubscribeResponseHandler;getMessageHandler;4.1.1;false;false
BOOKKEEPER;org.apache.hedwig.client.handlers;SubscribeResponseHandler;getMessageHandler;4.2.0;true;true
BOOKKEEPER;org.apache.hedwig.client.handlers;SubscribeResponseHandler;getMessageHandler;4.2.1;false;false
BOOKKEEPER;org.apache.hedwig.server.subscriptions;AbstractSubscriptionManager;operationFinished;4.1.0;true;true
BOOKKEEPER;org.apache.hedwig.server.subscriptions;AbstractSubscriptionManager;operationFinished;4.1.1;false;false
BOOKKEEPER;org.apache.hedwig.server.subscriptions;AbstractSubscriptionManager;operationFinished;4.2.0;false;false
BOOKKEEPER;org.apache.hedwig.server.subscriptions;AbstractSubscriptionManager;operationFinished;4.2.1;false;false
BOOKKEEPER;org.apache.hedwig.client.ssl;SslClientContextFactory;isClient;4.0.0;false;false
BOOKKEEPER;org.apache.hedwig.client.ssl;SslClientContextFactory;isClient;4.1.0;false;false
BOOKKEEPER;org.apache.hedwig.client.ssl;SslClientContextFactory;isClient;4.1.1;false;false
BOOKKEEPER;org.apache.hedwig.client.ssl;SslClientContextFactory;isClient;4.2.0;true;true
BOOKKEEPER;org.apache.hedwig.client.ssl;SslClientContextFactory;isClient;4.2.1;false;false
BOOKKEEPER;org.apache.hedwig.protocol;StartDeliveryRequest;parseDelimitedFrom;4.0.0;false;false
BOOKKEEPER;org.apache.hedwig.protocol;StartDeliveryRequest;parseDelimitedFrom;4.1.0;false;false
BOOKKEEPER;org.apache.hedwig.protocol;StartDeliveryRequest;parseDelimitedFrom;4.1.1;false;false
BOOKKEEPER;org.apache.hedwig.protocol;StartDeliveryRequest;parseDelimitedFrom;4.2.0;false;false
BOOKKEEPER;org.apache.hedwig.protocol;StartDeliveryRequest;parseDelimitedFrom;4.2.1;false;false
BOOKKEEPER;org.apache.hedwig.protocol;PublishResponse;getDescriptor;4.1.1;false;false
BOOKKEEPER;org.apache.hedwig.protocol;PublishResponse;getDescriptor;4.2.0;false;false
BOOKKEEPER;org.apache.hedwig.protocol;PublishResponse;getDescriptor;4.2.1;false;false
BOOKKEEPER;org.apache.bookkeeper.client;LedgerMetadata;setVersion;4.1.1;false;false
BOOKKEEPER;org.apache.bookkeeper.client;LedgerMetadata;setVersion;4.2.0;false;false
BOOKKEEPER;org.apache.bookkeeper.client;LedgerMetadata;setVersion;4.2.1;false;false
BOOKKEEPER;org.apache.bookkeeper.bookie;EntryLogMetadata;containsLedger;4.1.0;true;true
BOOKKEEPER;org.apache.bookkeeper.bookie;EntryLogMetadata;containsLedger;4.1.1;false;false
BOOKKEEPER;org.apache.bookkeeper.bookie;EntryLogMetadata;containsLedger;4.2.0;false;false
BOOKKEEPER;org.apache.bookkeeper.bookie;EntryLogMetadata;containsLedger;4.2.1;false;false
BOOKKEEPER;org.apache.hedwig.server.netty;ServerStats;incrementRequestsRedirect;4.1.0;false;false
BOOKKEEPER;org.apache.hedwig.server.netty;ServerStats;incrementRequestsRedirect;4.1.1;false;false
BOOKKEEPER;org.apache.hedwig.server.netty;ServerStats;incrementRequestsRedirect;4.2.0;false;false
BOOKKEEPER;org.apache.hedwig.server.netty;ServerStats;incrementRequestsRedirect;4.2.1;false;false
BOOKKEEPER;org.apache.bookkeeper.bookie;BookieShell;getJournal;4.1.1;false;false
BOOKKEEPER;org.apache.bookkeeper.bookie;BookieShell;getJournal;4.2.0;false;false
BOOKKEEPER;org.apache.bookkeeper.bookie;BookieShell;getJournal;4.2.1;false;false
BOOKKEEPER;org.apache.hedwig.admin.console;ConsoleSubscriptionListener;processEvent;4.1.1;false;false
BOOKKEEPER;org.apache.hedwig.admin.console;ConsoleSubscriptionListener;processEvent;4.2.0;false;false
BOOKKEEPER;org.apache.hedwig.admin.console;ConsoleSubscriptionListener;processEvent;4.2.1;false;false
BOOKKEEPER;org.apache.bookkeeper.bookie;LedgerEntryPage;getOffset;4.0.0;false;false
BOOKKEEPER;org.apache.bookkeeper.client;LedgerMetadata;getEnsembleSize;4.1.1;false;false
BOOKKEEPER;org.apache.bookkeeper.client;LedgerMetadata;getEnsembleSize;4.2.0;false;false
BOOKKEEPER;org.apache.bookkeeper.client;LedgerMetadata;getEnsembleSize;4.2.1;false;false
BOOKKEEPER;org.apache.hedwig.client.netty.impl;HChannelHandler;channelDisconnected;4.1.1;false;false
BOOKKEEPER;org.apache.hedwig.client.netty.impl;HChannelHandler;channelDisconnected;4.2.0;false;false
BOOKKEEPER;org.apache.hedwig.client.netty.impl;HChannelHandler;channelDisconnected;4.2.1;false;false
BOOKKEEPER;org.apache.bookkeeper.bookie;ReadOnlyEntryLogger;removeEntryLog;4.1.1;false;false
BOOKKEEPER;org.apache.bookkeeper.bookie;ReadOnlyEntryLogger;removeEntryLog;4.2.0;false;false
BOOKKEEPER;org.apache.bookkeeper.bookie;ReadOnlyEntryLogger;removeEntryLog;4.2.1;false;false
BOOKKEEPER;org.apache.hedwig.jms.message.header;Builder;getShortValue;4.2.1;true;true
BOOKKEEPER;org.apache.hedwig.server.subscriptions;AbstractSubscriptionManager;acquiredTopic;4.0.0;false;false
BOOKKEEPER;org.apache.hedwig.server.subscriptions;AbstractSubscriptionManager;acquiredTopic;4.1.0;false;false
BOOKKEEPER;org.apache.hedwig.server.subscriptions;AbstractSubscriptionManager;acquiredTopic;4.1.1;false;false
BOOKKEEPER;org.apache.hedwig.server.subscriptions;AbstractSubscriptionManager;acquiredTopic;4.2.0;true;true
BOOKKEEPER;org.apache.hedwig.server.subscriptions;AbstractSubscriptionManager;acquiredTopic;4.2.1;true;true
BOOKKEEPER;org.apache.hedwig.protocol;Builder;getSubscribeResponseOrBuilder;4.1.1;false;false
BOOKKEEPER;org.apache.hedwig.protocol;Builder;getSubscribeResponseOrBuilder;4.2.0;false;false
BOOKKEEPER;org.apache.hedwig.protocol;Builder;getSubscribeResponseOrBuilder;4.2.1;false;false
BOOKKEEPER;org.apache.hedwig.server.common;ServerConfiguration;refreshMyServerAddress;4.0.0;false;false
BOOKKEEPER;org.apache.hedwig.server.common;ServerConfiguration;refreshMyServerAddress;4.1.0;true;true
BOOKKEEPER;org.apache.hedwig.server.common;ServerConfiguration;refreshMyServerAddress;4.1.1;false;false
BOOKKEEPER;org.apache.hedwig.server.common;ServerConfiguration;refreshMyServerAddress;4.2.0;false;false
BOOKKEEPER;org.apache.hedwig.server.common;ServerConfiguration;refreshMyServerAddress;4.2.1;false;false
BOOKKEEPER;org.apache.bookkeeper.metastore;MetastoreCursor;close;4.1.1;false;false
BOOKKEEPER;org.apache.bookkeeper.metastore;MetastoreCursor;close;4.2.0;false;false
BOOKKEEPER;org.apache.bookkeeper.metastore;MetastoreCursor;close;4.2.1;false;false
BOOKKEEPER;org.apache.hedwig.protocol;LedgerRanges;parseFrom;4.0.0;false;false
BOOKKEEPER;org.apache.hedwig.protocol;LedgerRanges;parseFrom;4.1.0;true;true
BOOKKEEPER;org.apache.hedwig.protocol;LedgerRanges;parseFrom;4.1.1;true;true
BOOKKEEPER;org.apache.hedwig.protocol;LedgerRanges;parseFrom;4.2.0;false;false
BOOKKEEPER;org.apache.hedwig.protocol;LedgerRanges;parseFrom;4.2.1;false;false
BOOKKEEPER;org.apache.hedwig.protocol;Builder;clearHostname;4.1.1;false;false
BOOKKEEPER;org.apache.hedwig.protocol;Builder;clearHostname;4.2.0;false;false
BOOKKEEPER;org.apache.hedwig.protocol;Builder;clearHostname;4.2.1;false;false
BOOKKEEPER;org.apache.bookkeeper.bookie;FileInfo;use;4.0.0;false;false
BOOKKEEPER;org.apache.bookkeeper.bookie;FileInfo;use;4.1.0;false;false
BOOKKEEPER;org.apache.bookkeeper.bookie;FileInfo;use;4.1.1;false;false
BOOKKEEPER;org.apache.bookkeeper.bookie;FileInfo;use;4.2.0;false;false
BOOKKEEPER;org.apache.bookkeeper.bookie;FileInfo;use;4.2.1;false;false
BOOKKEEPER;org.apache.hedwig.protocol;PubSubRequest;hasTxnId;4.0.0;false;false
BOOKKEEPER;org.apache.hedwig.protocol;PubSubRequest;hasTxnId;4.1.0;false;false
BOOKKEEPER;org.apache.hedwig.protocol;PubSubRequest;hasTxnId;4.1.1;true;true
BOOKKEEPER;org.apache.hedwig.protocol;PubSubRequest;hasTxnId;4.2.0;true;true
BOOKKEEPER;org.apache.hedwig.protocol;PubSubRequest;hasTxnId;4.2.1;false;false
BOOKKEEPER;org.apache.hedwig.server.persistence;ReadAheadCache;registerJMX;4.1.0;false;false
BOOKKEEPER;org.apache.hedwig.server.persistence;ReadAheadCache;registerJMX;4.1.1;false;false
BOOKKEEPER;org.apache.hedwig.server.persistence;ReadAheadCache;registerJMX;4.2.0;false;false
BOOKKEEPER;org.apache.hedwig.server.persistence;ReadAheadCache;registerJMX;4.2.1;false;false
BOOKKEEPER;org.apache.bookkeeper.proto;LedgerMetadataFormatOrBuilder;getSegmentCount;4.1.1;false;false
BOOKKEEPER;org.apache.bookkeeper.proto;LedgerMetadataFormatOrBuilder;getSegmentCount;4.2.0;false;false
BOOKKEEPER;org.apache.bookkeeper.proto;LedgerMetadataFormatOrBuilder;getSegmentCount;4.2.1;false;false
BOOKKEEPER;org.apache.hedwig.client.netty;HChannel;close;4.1.1;false;false
BOOKKEEPER;org.apache.hedwig.client.netty;HChannel;close;4.2.0;false;false
BOOKKEEPER;org.apache.hedwig.client.netty;HChannel;close;4.2.1;false;false
BOOKKEEPER;org.apache.bookkeeper.proto;PacketProcessor;processPacket;4.0.0;false;false
BOOKKEEPER;org.apache.bookkeeper.proto;PacketProcessor;processPacket;4.1.0;true;true
BOOKKEEPER;org.apache.bookkeeper.proto;PacketProcessor;processPacket;4.1.1;false;false
BOOKKEEPER;org.apache.bookkeeper.proto;PacketProcessor;processPacket;4.2.0;false;false
BOOKKEEPER;org.apache.bookkeeper.proto;PacketProcessor;processPacket;4.2.1;true;true
BOOKKEEPER;org.apache.bookkeeper.bookie;LedgerDescriptor;checkAccess;4.1.0;false;false
BOOKKEEPER;org.apache.bookkeeper.bookie;LedgerDescriptor;checkAccess;4.1.1;false;false
BOOKKEEPER;org.apache.bookkeeper.bookie;LedgerDescriptor;checkAccess;4.2.0;true;true
BOOKKEEPER;org.apache.bookkeeper.bookie;LedgerDescriptor;checkAccess;4.2.1;false;false
BOOKKEEPER;org.apache.bookkeeper.client;ResultCallBack;processResult;4.1.1;false;false
BOOKKEEPER;org.apache.bookkeeper.client;ResultCallBack;processResult;4.2.0;false;false
BOOKKEEPER;org.apache.bookkeeper.client;ResultCallBack;processResult;4.2.1;false;false
BOOKKEEPER;org.apache.bookkeeper.meta;HierarchicalLedgerManager;newLedgerPath;4.0.0;false;false
BOOKKEEPER;org.apache.bookkeeper.meta;HierarchicalLedgerManager;newLedgerPath;4.1.0;false;false
BOOKKEEPER;org.apache.bookkeeper.meta;HierarchicalLedgerManager;newLedgerPath;4.1.1;false;false
BOOKKEEPER;org.apache.bookkeeper.meta;HierarchicalLedgerManager;newLedgerPath;4.2.0;true;true
BOOKKEEPER;org.apache.bookkeeper.meta;HierarchicalLedgerManager;newLedgerPath;4.2.1;true;true
BOOKKEEPER;org.apache.bookkeeper.proto;CookieFormat;isInitialized;4.1.1;false;false
BOOKKEEPER;org.apache.bookkeeper.proto;CookieFormat;isInitialized;4.2.0;false;false
BOOKKEEPER;org.apache.bookkeeper.proto;CookieFormat;isInitialized;4.2.1;false;false
BOOKKEEPER;org.apache.hedwig.jms.message.header;Builder;getBooleanValue;4.2.1;false;false
BOOKKEEPER;org.apache.bookkeeper.bookie;LastLogMark;getLastMark;4.1.0;false;false
BOOKKEEPER;org.apache.bookkeeper.bookie;LastLogMark;getLastMark;4.1.1;false;false
BOOKKEEPER;org.apache.bookkeeper.bookie;LastLogMark;getLastMark;4.2.0;true;true
BOOKKEEPER;org.apache.bookkeeper.bookie;LastLogMark;getLastMark;4.2.1;false;false
BOOKKEEPER;org.apache.bookkeeper.client;DigestManager;computeDigestAndPackageForSending;4.0.0;false;false
BOOKKEEPER;org.apache.bookkeeper.client;DigestManager;computeDigestAndPackageForSending;4.1.0;true;true
BOOKKEEPER;org.apache.bookkeeper.client;DigestManager;computeDigestAndPackageForSending;4.1.1;false;false
BOOKKEEPER;org.apache.bookkeeper.client;DigestManager;computeDigestAndPackageForSending;4.2.0;true;true
BOOKKEEPER;org.apache.bookkeeper.client;DigestManager;computeDigestAndPackageForSending;4.2.1;true;true
BOOKKEEPER;org.apache.hedwig.server.topics;MMTopicManager;postReleaseCleanup;4.1.1;false;false
BOOKKEEPER;org.apache.hedwig.server.topics;MMTopicManager;postReleaseCleanup;4.2.0;false;false
BOOKKEEPER;org.apache.hedwig.server.topics;MMTopicManager;postReleaseCleanup;4.2.1;false;false
BOOKKEEPER;org.apache.bookkeeper.replication;ElectionComparator;getVoteSequenceId;4.1.1;false;false
BOOKKEEPER;org.apache.bookkeeper.replication;ElectionComparator;getVoteSequenceId;4.2.0;false;false
BOOKKEEPER;org.apache.bookkeeper.replication;ElectionComparator;getVoteSequenceId;4.2.1;false;false
BOOKKEEPER;org.apache.hedwig.admin;HedwigAdmin;getBkPasswd;4.1.0;false;false
BOOKKEEPER;org.apache.hedwig.admin;HedwigAdmin;getBkPasswd;4.1.1;false;false
BOOKKEEPER;org.apache.hedwig.admin;HedwigAdmin;getBkPasswd;4.2.0;false;false
BOOKKEEPER;org.apache.hedwig.admin;HedwigAdmin;getBkPasswd;4.2.1;false;false
BOOKKEEPER;org.apache.hedwig.jms.spi;MessageProducerImpl;setDeliveryMode;4.2.1;false;false
BOOKKEEPER;org.apache.hedwig.protocol;SubscribeRequestOrBuilder;hasSubscriberId;4.1.1;true;true
BOOKKEEPER;org.apache.hedwig.protocol;SubscribeRequestOrBuilder;hasSubscriberId;4.2.0;true;true
BOOKKEEPER;org.apache.hedwig.protocol;SubscribeRequestOrBuilder;hasSubscriberId;4.2.1;false;false
BOOKKEEPER;org.apache.bookkeeper.proto;LedgerMetadataFormat;initFields;4.1.1;false;false
BOOKKEEPER;org.apache.bookkeeper.proto;LedgerMetadataFormat;initFields;4.2.0;false;false
BOOKKEEPER;org.apache.bookkeeper.proto;LedgerMetadataFormat;initFields;4.2.1;true;true
BOOKKEEPER;org.apache.hedwig.jms.spi;HedwigMessagingSessionFacade;enqueueReceivedMessage;4.2.1;false;false
BOOKKEEPER;org.apache.hedwig.jms.selector;MyNode;getConstantValue;4.2.1;false;false
BOOKKEEPER;org.apache.bookkeeper.bookie;BookieBean;isHidden;4.1.0;false;false
BOOKKEEPER;org.apache.bookkeeper.bookie;BookieBean;isHidden;4.1.1;false;false
BOOKKEEPER;org.apache.bookkeeper.bookie;BookieBean;isHidden;4.2.0;false;false
BOOKKEEPER;org.apache.bookkeeper.bookie;BookieBean;isHidden;4.2.1;false;false
BOOKKEEPER;org.apache.hedwig.server.persistence;RangeScanRequest;getCallback;4.0.0;false;false
BOOKKEEPER;org.apache.hedwig.server.persistence;RangeScanRequest;getCallback;4.1.0;false;false
BOOKKEEPER;org.apache.hedwig.server.persistence;RangeScanRequest;getCallback;4.1.1;false;false
BOOKKEEPER;org.apache.hedwig.server.persistence;RangeScanRequest;getCallback;4.2.0;false;false
BOOKKEEPER;org.apache.hedwig.server.persistence;RangeScanRequest;getCallback;4.2.1;false;false
BOOKKEEPER;org.apache.bookkeeper.bookie;LedgerEntryPage;checkPage;4.0.0;false;false
BOOKKEEPER;org.apache.bookkeeper.bookie;LedgerEntryPage;checkPage;4.1.0;false;false
BOOKKEEPER;org.apache.bookkeeper.bookie;LedgerEntryPage;checkPage;4.1.1;true;true
BOOKKEEPER;org.apache.bookkeeper.bookie;LedgerEntryPage;checkPage;4.2.0;true;true
BOOKKEEPER;org.apache.bookkeeper.bookie;LedgerEntryPage;checkPage;4.2.1;false;false
BOOKKEEPER;org.apache.hedwig.jms;SessionImpl;addToLocallyPublishedMessageIds;4.2.1;true;true
BOOKKEEPER;org.apache.bookkeeper.bookie;MarkerFileChannel;write;4.0.0;true;true
BOOKKEEPER;org.apache.bookkeeper.bookie;MarkerFileChannel;write;4.1.0;false;false
BOOKKEEPER;org.apache.bookkeeper.bookie;MarkerFileChannel;write;4.1.1;false;false
BOOKKEEPER;org.apache.bookkeeper.bookie;MarkerFileChannel;write;4.2.0;false;false
BOOKKEEPER;org.apache.bookkeeper.bookie;MarkerFileChannel;write;4.2.1;false;false
BOOKKEEPER;org.apache.hedwig.admin.console;ReadTopic;getLeastSubscription;4.1.0;false;false
BOOKKEEPER;org.apache.hedwig.admin.console;ReadTopic;getLeastSubscription;4.1.1;false;false
BOOKKEEPER;org.apache.hedwig.admin.console;ReadTopic;getLeastSubscription;4.2.0;false;false
BOOKKEEPER;org.apache.hedwig.admin.console;ReadTopic;getLeastSubscription;4.2.1;false;false
BOOKKEEPER;org.apache.hedwig.protocol;SubscriptionState;getDefaultInstanceForType;4.0.0;false;false
BOOKKEEPER;org.apache.hedwig.protocol;SubscriptionState;getDefaultInstanceForType;4.1.0;false;false
BOOKKEEPER;org.apache.hedwig.protocol;SubscriptionState;getDefaultInstanceForType;4.1.1;false;false
BOOKKEEPER;org.apache.hedwig.protocol;SubscriptionState;getDefaultInstanceForType;4.2.0;false;false
BOOKKEEPER;org.apache.hedwig.protocol;SubscriptionState;getDefaultInstanceForType;4.2.1;false;false
BOOKKEEPER;org.apache.hedwig.server.subscriptions;AbstractSubscriptionManager;notifyUnsubcribe;4.0.0;false;false
BOOKKEEPER;org.apache.hedwig.server.subscriptions;AbstractSubscriptionManager;notifyUnsubcribe;4.1.0;false;false
BOOKKEEPER;org.apache.hedwig.server.subscriptions;AbstractSubscriptionManager;notifyUnsubcribe;4.1.1;false;false
BOOKKEEPER;org.apache.hedwig.server.subscriptions;AbstractSubscriptionManager;notifyUnsubcribe;4.2.0;false;false
BOOKKEEPER;org.apache.hedwig.server.subscriptions;AbstractSubscriptionManager;notifyUnsubcribe;4.2.1;true;true
BOOKKEEPER;org.apache.hedwig.server.common;ServerConfiguration;getMetastoreMaxEntriesPerScan;4.1.1;true;true
BOOKKEEPER;org.apache.hedwig.server.common;ServerConfiguration;getMetastoreMaxEntriesPerScan;4.2.0;true;true
BOOKKEEPER;org.apache.hedwig.server.common;ServerConfiguration;getMetastoreMaxEntriesPerScan;4.2.1;false;false
BOOKKEEPER;org.apache.hedwig.protocol;Entry;isInitialized;4.1.1;true;true
BOOKKEEPER;org.apache.hedwig.protocol;Entry;isInitialized;4.2.0;false;false
BOOKKEEPER;org.apache.hedwig.protocol;Entry;isInitialized;4.2.1;false;false
BOOKKEEPER;org.apache.hedwig.protocol;LedgerRange;parseDelimitedFrom;4.0.0;false;false
BOOKKEEPER;org.apache.hedwig.protocol;LedgerRange;parseDelimitedFrom;4.1.0;false;false
BOOKKEEPER;org.apache.hedwig.protocol;LedgerRange;parseDelimitedFrom;4.1.1;false;false
BOOKKEEPER;org.apache.hedwig.protocol;LedgerRange;parseDelimitedFrom;4.2.0;true;true
BOOKKEEPER;org.apache.hedwig.protocol;LedgerRange;parseDelimitedFrom;4.2.1;false;false
BOOKKEEPER;org.apache.hedwig.admin.console;ReadTopic;pressKeyToContinue;4.1.0;false;false
BOOKKEEPER;org.apache.hedwig.admin.console;ReadTopic;pressKeyToContinue;4.1.1;false;false
BOOKKEEPER;org.apache.hedwig.admin.console;ReadTopic;pressKeyToContinue;4.2.0;false;false
BOOKKEEPER;org.apache.hedwig.admin.console;ReadTopic;pressKeyToContinue;4.2.1;false;false
BOOKKEEPER;org.apache.hedwig.client.netty.impl;AbstractHChannelManager;getNonSubscriptionChannelPipelineFactory;4.1.1;false;false
BOOKKEEPER;org.apache.hedwig.client.netty.impl;AbstractHChannelManager;getNonSubscriptionChannelPipelineFactory;4.2.0;false;false
BOOKKEEPER;org.apache.hedwig.client.netty.impl;AbstractHChannelManager;getNonSubscriptionChannelPipelineFactory;4.2.1;false;false
BOOKKEEPER;org.apache.hedwig.jms;StateManager;isStarted;4.2.1;false;false
BOOKKEEPER;org.apache.bookkeeper.proto;Builder;getDescriptor;4.1.1;false;false
BOOKKEEPER;org.apache.bookkeeper.proto;Builder;getDescriptor;4.2.0;false;false
BOOKKEEPER;org.apache.bookkeeper.proto;Builder;getDescriptor;4.2.1;false;false
BOOKKEEPER;org.apache.hedwig.jms.message;BytesMessageImpl;readUTF;4.2.1;false;false
BOOKKEEPER;org.apache.hedwig.server.topics;ZkTopicManager;realGetOwner;4.0.0;true;true
BOOKKEEPER;org.apache.hedwig.server.topics;ZkTopicManager;realGetOwner;4.1.0;true;true
BOOKKEEPER;org.apache.hedwig.server.topics;ZkTopicManager;realGetOwner;4.1.1;false;false
BOOKKEEPER;org.apache.hedwig.server.topics;ZkTopicManager;realGetOwner;4.2.0;false;false
BOOKKEEPER;org.apache.hedwig.server.topics;ZkTopicManager;realGetOwner;4.2.1;false;false
BOOKKEEPER;org.apache.bookkeeper.proto;MultiCallback;tick;4.0.0;false;false
BOOKKEEPER;org.apache.bookkeeper.proto;MultiCallback;tick;4.1.0;true;true
BOOKKEEPER;org.apache.bookkeeper.proto;MultiCallback;tick;4.1.1;false;false
BOOKKEEPER;org.apache.bookkeeper.proto;MultiCallback;tick;4.2.0;false;false
BOOKKEEPER;org.apache.bookkeeper.proto;MultiCallback;tick;4.2.1;false;false
BOOKKEEPER;org.apache.hedwig.client.netty.impl;HChannelHandler;getSubscribeResponseHandler;4.1.1;false;false
BOOKKEEPER;org.apache.hedwig.client.netty.impl;HChannelHandler;getSubscribeResponseHandler;4.2.0;false;false
BOOKKEEPER;org.apache.hedwig.client.netty.impl;HChannelHandler;getSubscribeResponseHandler;4.2.1;false;false
BOOKKEEPER;org.apache.bookkeeper.util;StringUtils;parseAddr;4.0.0;false;false
BOOKKEEPER;org.apache.hedwig.admin.console;DescribeCmd;describeTopic;4.1.0;false;false
BOOKKEEPER;org.apache.hedwig.admin.console;DescribeCmd;describeTopic;4.1.1;false;false
BOOKKEEPER;org.apache.hedwig.admin.console;DescribeCmd;describeTopic;4.2.0;false;false
BOOKKEEPER;org.apache.hedwig.admin.console;DescribeCmd;describeTopic;4.2.1;true;true
BOOKKEEPER;org.apache.hedwig.protocol;PubSubResponse;toBuilder;4.0.0;false;false
BOOKKEEPER;org.apache.hedwig.protocol;PubSubResponse;toBuilder;4.1.0;false;false
BOOKKEEPER;org.apache.hedwig.protocol;PubSubResponse;toBuilder;4.1.1;false;false
BOOKKEEPER;org.apache.hedwig.protocol;PubSubResponse;toBuilder;4.2.0;false;false
BOOKKEEPER;org.apache.hedwig.protocol;PubSubResponse;toBuilder;4.2.1;false;false
BOOKKEEPER;org.apache.hedwig.protocol;Builder;getMsgFieldBuilder;4.1.1;false;false
BOOKKEEPER;org.apache.hedwig.protocol;Builder;getMsgFieldBuilder;4.2.0;false;false
BOOKKEEPER;org.apache.hedwig.protocol;Builder;getMsgFieldBuilder;4.2.1;false;false
BOOKKEEPER;org.apache.hedwig.client.data;PubSubData;setOriginalChannelForResubscribe;4.1.1;true;true
BOOKKEEPER;org.apache.hedwig.client.data;PubSubData;setOriginalChannelForResubscribe;4.2.0;false;false
BOOKKEEPER;org.apache.hedwig.client.data;PubSubData;setOriginalChannelForResubscribe;4.2.1;false;false
BOOKKEEPER;org.apache.hedwig.server.netty;PubSubServer;instantiateRegionManager;4.0.0;false;false
BOOKKEEPER;org.apache.hedwig.server.netty;PubSubServer;instantiateRegionManager;4.1.0;false;false
BOOKKEEPER;org.apache.hedwig.server.netty;PubSubServer;instantiateRegionManager;4.1.1;false;false
BOOKKEEPER;org.apache.hedwig.server.netty;PubSubServer;instantiateRegionManager;4.2.0;false;false
BOOKKEEPER;org.apache.hedwig.server.netty;PubSubServer;instantiateRegionManager;4.2.1;true;true
BOOKKEEPER;org.apache.hedwig.server.persistence;CancelScanRequestOp;performRequest;4.1.1;false;false
BOOKKEEPER;org.apache.hedwig.server.persistence;CancelScanRequestOp;performRequest;4.2.0;false;false
BOOKKEEPER;org.apache.hedwig.server.persistence;CancelScanRequestOp;performRequest;4.2.1;false;false
BOOKKEEPER;org.apache.bookkeeper.meta;HierarchicalLedgerManager;getLedgerPath;4.0.0;false;false
BOOKKEEPER;org.apache.bookkeeper.meta;HierarchicalLedgerManager;getLedgerPath;4.1.0;false;false
BOOKKEEPER;org.apache.bookkeeper.meta;HierarchicalLedgerManager;getLedgerPath;4.1.1;true;true
BOOKKEEPER;org.apache.bookkeeper.meta;HierarchicalLedgerManager;getLedgerPath;4.2.0;false;false
BOOKKEEPER;org.apache.bookkeeper.meta;HierarchicalLedgerManager;getLedgerPath;4.2.1;false;false
BOOKKEEPER;org.apache.bookkeeper.proto;BKStats;copyOf;4.1.0;false;false
BOOKKEEPER;org.apache.bookkeeper.proto;BKStats;copyOf;4.1.1;false;false
BOOKKEEPER;org.apache.bookkeeper.proto;BKStats;copyOf;4.2.0;false;false
BOOKKEEPER;org.apache.bookkeeper.proto;BKStats;copyOf;4.2.1;false;false
BOOKKEEPER;org.apache.bookkeeper.util;OrderedSafeGenericCallback;safeOperationComplete;4.1.1;false;false
BOOKKEEPER;org.apache.bookkeeper.util;OrderedSafeGenericCallback;safeOperationComplete;4.2.0;false;false
BOOKKEEPER;org.apache.bookkeeper.util;OrderedSafeGenericCallback;safeOperationComplete;4.2.1;false;false
BOOKKEEPER;org.apache.hedwig.server.subscriptions;AbstractSubscriptionManager;updateMessageBound;4.1.0;false;false
BOOKKEEPER;org.apache.hedwig.server.subscriptions;AbstractSubscriptionManager;updateMessageBound;4.1.1;false;false
BOOKKEEPER;org.apache.hedwig.server.subscriptions;AbstractSubscriptionManager;updateMessageBound;4.2.0;false;false
BOOKKEEPER;org.apache.hedwig.server.subscriptions;AbstractSubscriptionManager;updateMessageBound;4.2.1;false;false
BOOKKEEPER;org.apache.hedwig.server.persistence;BookkeeperPersistenceManager;scanMessages;4.0.0;false;false
BOOKKEEPER;org.apache.hedwig.server.persistence;BookkeeperPersistenceManager;scanMessages;4.1.0;false;false
BOOKKEEPER;org.apache.hedwig.server.persistence;BookkeeperPersistenceManager;scanMessages;4.1.1;false;false
BOOKKEEPER;org.apache.hedwig.server.persistence;BookkeeperPersistenceManager;scanMessages;4.2.0;false;false
BOOKKEEPER;org.apache.hedwig.server.persistence;BookkeeperPersistenceManager;scanMessages;4.2.1;false;false
BOOKKEEPER;org.apache.bookkeeper.proto;Builder;getEnsembleMemberList;4.1.1;false;false
BOOKKEEPER;org.apache.bookkeeper.proto;Builder;getEnsembleMemberList;4.2.0;false;false
BOOKKEEPER;org.apache.bookkeeper.proto;Builder;getEnsembleMemberList;4.2.1;true;true
BOOKKEEPER;org.apache.bookkeeper.client;LedgerDeleteOp;processResult;4.0.0;true;true
BOOKKEEPER;org.apache.hedwig.jms.message;MessageUtil;asDouble;4.2.1;false;false
BOOKKEEPER;org.apache.hedwig.protocol;Builder;setRanges;4.0.0;false;false
BOOKKEEPER;org.apache.hedwig.protocol;Builder;setRanges;4.1.0;false;false
BOOKKEEPER;org.apache.hedwig.protocol;Builder;setRanges;4.1.1;false;false
BOOKKEEPER;org.apache.hedwig.protocol;Builder;setRanges;4.2.0;false;false
BOOKKEEPER;org.apache.hedwig.protocol;Builder;setRanges;4.2.1;false;false
BOOKKEEPER;org.apache.hedwig.admin.console;HedwigCommands;findCandidateCommands;4.1.0;true;true
BOOKKEEPER;org.apache.hedwig.admin.console;HedwigCommands;findCandidateCommands;4.1.1;true;true
BOOKKEEPER;org.apache.hedwig.admin.console;HedwigCommands;findCandidateCommands;4.2.0;false;false
BOOKKEEPER;org.apache.hedwig.admin.console;HedwigCommands;findCandidateCommands;4.2.1;false;false
BOOKKEEPER;org.apache.bookkeeper.proto;LedgerMetadataFormat;newBuilderForType;4.1.1;false;false
BOOKKEEPER;org.apache.bookkeeper.proto;LedgerMetadataFormat;newBuilderForType;4.2.0;true;true
BOOKKEEPER;org.apache.bookkeeper.proto;LedgerMetadataFormat;newBuilderForType;4.2.1;false;false
BOOKKEEPER;org.apache.hedwig.jms.message;MapMessageImpl;getByte;4.2.1;false;false
BOOKKEEPER;org.apache.hedwig.server.common;ServerConfiguration;getRegions;4.0.0;false;false
BOOKKEEPER;org.apache.hedwig.server.common;ServerConfiguration;getRegions;4.1.0;false;false
BOOKKEEPER;org.apache.hedwig.server.common;ServerConfiguration;getRegions;4.1.1;false;false
BOOKKEEPER;org.apache.hedwig.server.common;ServerConfiguration;getRegions;4.2.0;false;false
BOOKKEEPER;org.apache.hedwig.server.common;ServerConfiguration;getRegions;4.2.1;false;false
BOOKKEEPER;org.apache.hedwig.jms.message;MessageImpl;getByteProperty;4.2.1;false;false
BOOKKEEPER;org.apache.hedwig.client.netty;SubscriptionEventEmitter;addSubscriptionListener;4.1.1;false;false
BOOKKEEPER;org.apache.hedwig.client.netty;SubscriptionEventEmitter;addSubscriptionListener;4.2.0;false;false
BOOKKEEPER;org.apache.hedwig.client.netty;SubscriptionEventEmitter;addSubscriptionListener;4.2.1;false;false
BOOKKEEPER;org.apache.hedwig.server.common;ServerConfiguration;getServerAddr;4.0.0;false;false
BOOKKEEPER;org.apache.hedwig.server.common;ServerConfiguration;getServerAddr;4.1.0;false;false
BOOKKEEPER;org.apache.hedwig.server.common;ServerConfiguration;getServerAddr;4.1.1;false;false
BOOKKEEPER;org.apache.hedwig.server.common;ServerConfiguration;getServerAddr;4.2.0;false;false
BOOKKEEPER;org.apache.hedwig.server.common;ServerConfiguration;getServerAddr;4.2.1;true;true
BOOKKEEPER;org.apache.bookkeeper.client;LedgerHandle;asyncReadLastConfirmed;4.0.0;false;false
BOOKKEEPER;org.apache.bookkeeper.client;LedgerHandle;asyncReadLastConfirmed;4.1.0;false;false
BOOKKEEPER;org.apache.bookkeeper.client;LedgerHandle;asyncReadLastConfirmed;4.1.1;false;false
BOOKKEEPER;org.apache.bookkeeper.client;LedgerHandle;asyncReadLastConfirmed;4.2.0;false;false
BOOKKEEPER;org.apache.bookkeeper.client;LedgerHandle;asyncReadLastConfirmed;4.2.1;false;false
BOOKKEEPER;org.apache.bookkeeper.bookie;LedgerCache;setMasterKey;4.1.0;false;false
BOOKKEEPER;org.apache.bookkeeper.bookie;LedgerCache;setMasterKey;4.1.1;false;false
BOOKKEEPER;org.apache.bookkeeper.bookie;LedgerCache;setMasterKey;4.2.0;false;false
BOOKKEEPER;org.apache.bookkeeper.bookie;LedgerCache;setMasterKey;4.2.1;false;false
BOOKKEEPER;org.apache.hedwig.jms.message;TextMessageImpl;getText;4.2.1;false;false
BOOKKEEPER;org.apache.bookkeeper.proto;LedgerMetadataFormat;getAckQuorumSize;4.1.1;true;true
BOOKKEEPER;org.apache.bookkeeper.proto;LedgerMetadataFormat;getAckQuorumSize;4.2.0;true;true
BOOKKEEPER;org.apache.bookkeeper.proto;LedgerMetadataFormat;getAckQuorumSize;4.2.1;false;false
BOOKKEEPER;org.apache.bookkeeper.proto;AddRequest;getData;4.2.1;false;false
BOOKKEEPER;org.apache.hedwig.jms.message;MessageImpl;setJMSDestination;4.2.1;false;false
BOOKKEEPER;org.apache.bookkeeper.bookie;LedgerCacheImpl;getNewLedgerIndexFile;4.1.1;false;false
BOOKKEEPER;org.apache.bookkeeper.bookie;LedgerCacheImpl;getNewLedgerIndexFile;4.2.0;false;false
BOOKKEEPER;org.apache.bookkeeper.bookie;LedgerCacheImpl;getNewLedgerIndexFile;4.2.1;false;false
BOOKKEEPER;org.apache.hedwig.protocol;Builder;mergeSubscriptionEvent;4.1.1;false;false
BOOKKEEPER;org.apache.hedwig.protocol;Builder;mergeSubscriptionEvent;4.2.0;false;false
BOOKKEEPER;org.apache.hedwig.protocol;Builder;mergeSubscriptionEvent;4.2.1;false;false
BOOKKEEPER;org.apache.bookkeeper.proto;Segment;parseFrom;4.1.1;true;true
BOOKKEEPER;org.apache.bookkeeper.proto;Segment;parseFrom;4.2.0;false;false
BOOKKEEPER;org.apache.bookkeeper.proto;Segment;parseFrom;4.2.1;false;false
BOOKKEEPER;org.apache.hedwig.server.topics;TopicOwnershipChangeListener;acquiredTopic;4.0.0;false;false
BOOKKEEPER;org.apache.hedwig.server.topics;TopicOwnershipChangeListener;acquiredTopic;4.1.0;true;true
BOOKKEEPER;org.apache.hedwig.server.topics;TopicOwnershipChangeListener;acquiredTopic;4.1.1;true;true
BOOKKEEPER;org.apache.hedwig.server.topics;TopicOwnershipChangeListener;acquiredTopic;4.2.0;false;false
BOOKKEEPER;org.apache.hedwig.server.topics;TopicOwnershipChangeListener;acquiredTopic;4.2.1;false;false
BOOKKEEPER;org.apache.bookkeeper.bookie;LedgerDirsManager;addToFilledDirs;4.1.1;false;false
BOOKKEEPER;org.apache.bookkeeper.bookie;LedgerDirsManager;addToFilledDirs;4.2.0;false;false
BOOKKEEPER;org.apache.bookkeeper.bookie;LedgerDirsManager;addToFilledDirs;4.2.1;false;false
BOOKKEEPER;org.apache.hedwig.protocol;Builder;getRangesBuilder;4.1.1;false;false
BOOKKEEPER;org.apache.hedwig.protocol;Builder;getRangesBuilder;4.2.0;false;false
BOOKKEEPER;org.apache.hedwig.protocol;Builder;getRangesBuilder;4.2.1;false;false
BOOKKEEPER;org.apache.hedwig.jms;SessionImpl;deliverToListener;4.2.1;false;false
BOOKKEEPER;org.apache.hedwig.server.handlers;UnsubscribeHandler;handleRequestAtOwner;4.0.0;false;false
BOOKKEEPER;org.apache.hedwig.server.handlers;UnsubscribeHandler;handleRequestAtOwner;4.1.0;false;false
BOOKKEEPER;org.apache.hedwig.server.handlers;UnsubscribeHandler;handleRequestAtOwner;4.1.1;false;false
BOOKKEEPER;org.apache.hedwig.server.handlers;UnsubscribeHandler;handleRequestAtOwner;4.2.0;false;false
BOOKKEEPER;org.apache.hedwig.server.handlers;UnsubscribeHandler;handleRequestAtOwner;4.2.1;false;false
BOOKKEEPER;org.apache.hedwig.server.persistence;ReadAheadScanCallback;scanFailed;4.0.0;false;false
BOOKKEEPER;org.apache.hedwig.server.persistence;ReadAheadScanCallback;scanFailed;4.1.0;true;true
BOOKKEEPER;org.apache.hedwig.server.persistence;ReadAheadScanCallback;scanFailed;4.1.1;true;true
BOOKKEEPER;org.apache.hedwig.server.persistence;ReadAheadScanCallback;scanFailed;4.2.0;false;false
BOOKKEEPER;org.apache.hedwig.server.persistence;ReadAheadScanCallback;scanFailed;4.2.1;true;true
BOOKKEEPER;org.apache.hedwig.server.common;ServerConfiguration;getDefaultDeliveryThrottleValue;4.1.1;false;false
BOOKKEEPER;org.apache.hedwig.server.common;ServerConfiguration;getDefaultDeliveryThrottleValue;4.2.0;false;false
BOOKKEEPER;org.apache.hedwig.server.common;ServerConfiguration;getDefaultDeliveryThrottleValue;4.2.1;false;false
BOOKKEEPER;org.apache.hedwig.protocol;Builder;setEnableResubscribe;4.1.1;false;false
BOOKKEEPER;org.apache.hedwig.protocol;Builder;setEnableResubscribe;4.2.0;false;false
BOOKKEEPER;org.apache.hedwig.protocol;Builder;setEnableResubscribe;4.2.1;false;false
BOOKKEEPER;org.apache.hedwig.client.netty;FilterableMessageHandler;getMessageHandler;4.1.1;false;false
BOOKKEEPER;org.apache.hedwig.client.netty;FilterableMessageHandler;getMessageHandler;4.2.0;false;false
BOOKKEEPER;org.apache.hedwig.client.netty;FilterableMessageHandler;getMessageHandler;4.2.1;false;false
BOOKKEEPER;org.apache.hedwig.jms.message;TextMessageImpl;createClone;4.2.1;false;false
BOOKKEEPER;org.apache.bookkeeper.conf;ClientConfiguration;getNumWorkerThreads;4.1.0;false;false
BOOKKEEPER;org.apache.bookkeeper.conf;ClientConfiguration;getNumWorkerThreads;4.1.1;false;false
BOOKKEEPER;org.apache.bookkeeper.conf;ClientConfiguration;getNumWorkerThreads;4.2.0;false;false
BOOKKEEPER;org.apache.bookkeeper.conf;ClientConfiguration;getNumWorkerThreads;4.2.1;false;false
BOOKKEEPER;org.apache.hedwig.client.data;TopicSubscriber;getSubscriberId;4.0.0;false;false
BOOKKEEPER;org.apache.hedwig.client.data;TopicSubscriber;getSubscriberId;4.1.0;false;false
BOOKKEEPER;org.apache.hedwig.client.data;TopicSubscriber;getSubscriberId;4.1.1;false;false
BOOKKEEPER;org.apache.hedwig.client.data;TopicSubscriber;getSubscriberId;4.2.0;false;false
BOOKKEEPER;org.apache.hedwig.client.data;TopicSubscriber;getSubscriberId;4.2.1;false;false
BOOKKEEPER;org.apache.hedwig.client.netty;ConnectCallback;operationComplete;4.0.0;false;false
BOOKKEEPER;org.apache.hedwig.client.netty;ConnectCallback;operationComplete;4.1.0;false;false
BOOKKEEPER;org.apache.hedwig.client.netty;ConnectCallback;operationComplete;4.1.1;false;false
BOOKKEEPER;org.apache.hedwig.server.netty;PubSubServer;instantiateMetadataManagerFactory;4.1.1;true;true
BOOKKEEPER;org.apache.hedwig.server.netty;PubSubServer;instantiateMetadataManagerFactory;4.2.0;true;true
BOOKKEEPER;org.apache.hedwig.server.netty;PubSubServer;instantiateMetadataManagerFactory;4.2.1;false;false
BOOKKEEPER;org.apache.bookkeeper.proto;LedgerRereplicationLayoutFormat;internalGetFieldAccessorTable;4.1.1;false;false
BOOKKEEPER;org.apache.bookkeeper.proto;LedgerRereplicationLayoutFormat;internalGetFieldAccessorTable;4.2.0;false;false
BOOKKEEPER;org.apache.bookkeeper.proto;LedgerRereplicationLayoutFormat;internalGetFieldAccessorTable;4.2.1;false;false
BOOKKEEPER;org.apache.hedwig.jms.message;BytesMessageImpl;writeUTF;4.2.1;false;false
BOOKKEEPER;org.apache.hedwig.protocol;Builder;mergeSubscribeResponse;4.1.1;false;false
BOOKKEEPER;org.apache.hedwig.protocol;Builder;mergeSubscribeResponse;4.2.0;false;false
BOOKKEEPER;org.apache.hedwig.protocol;Builder;mergeSubscribeResponse;4.2.1;false;false
BOOKKEEPER;org.apache.hedwig.server.netty;PubSubServerMXBean;getPubStats;4.1.0;false;false
BOOKKEEPER;org.apache.hedwig.server.netty;PubSubServerMXBean;getPubStats;4.1.1;false;false
BOOKKEEPER;org.apache.hedwig.server.netty;PubSubServerMXBean;getPubStats;4.2.0;false;false
BOOKKEEPER;org.apache.hedwig.server.netty;PubSubServerMXBean;getPubStats;4.2.1;false;false
BOOKKEEPER;org.apache.bookkeeper.tools;BookKeeperTools;writeComplete;4.0.0;false;false
BOOKKEEPER;org.apache.hedwig.server.meta;ZkMetadataManagerFactory;remove;4.1.1;false;false
BOOKKEEPER;org.apache.hedwig.server.meta;ZkMetadataManagerFactory;remove;4.2.0;false;false
BOOKKEEPER;org.apache.hedwig.server.meta;ZkMetadataManagerFactory;remove;4.2.1;false;false
BOOKKEEPER;org.apache.bookkeeper.client;BookKeeper;getZkHandle;4.0.0;false;false
BOOKKEEPER;org.apache.bookkeeper.client;BookKeeper;getZkHandle;4.1.0;true;true
BOOKKEEPER;org.apache.bookkeeper.client;BookKeeper;getZkHandle;4.1.1;true;true
BOOKKEEPER;org.apache.bookkeeper.client;BookKeeper;getZkHandle;4.2.0;true;true
BOOKKEEPER;org.apache.bookkeeper.client;BookKeeper;getZkHandle;4.2.1;true;true
BOOKKEEPER;org.apache.hedwig.server.topics;ZkHubsWatcher;process;4.1.1;false;false
BOOKKEEPER;org.apache.hedwig.server.topics;ZkHubsWatcher;process;4.2.0;false;false
BOOKKEEPER;org.apache.hedwig.server.topics;ZkHubsWatcher;process;4.2.1;false;false
BOOKKEEPER;org.apache.hedwig.server.persistence;LocalDBPersistenceManager;getSeqIdAfterSkipping;4.0.0;false;false
BOOKKEEPER;org.apache.hedwig.server.persistence;LocalDBPersistenceManager;getSeqIdAfterSkipping;4.1.0;false;false
BOOKKEEPER;org.apache.hedwig.server.persistence;LocalDBPersistenceManager;getSeqIdAfterSkipping;4.1.1;false;false
BOOKKEEPER;org.apache.hedwig.server.persistence;LocalDBPersistenceManager;getSeqIdAfterSkipping;4.2.0;false;false
BOOKKEEPER;org.apache.hedwig.server.persistence;LocalDBPersistenceManager;getSeqIdAfterSkipping;4.2.1;false;false
BOOKKEEPER;org.apache.bookkeeper.streaming;LedgerOutputStream;write;4.0.0;false;false
BOOKKEEPER;org.apache.bookkeeper.streaming;LedgerOutputStream;write;4.1.0;false;false
BOOKKEEPER;org.apache.bookkeeper.streaming;LedgerOutputStream;write;4.1.1;true;true
BOOKKEEPER;org.apache.bookkeeper.streaming;LedgerOutputStream;write;4.2.0;false;false
BOOKKEEPER;org.apache.bookkeeper.streaming;LedgerOutputStream;write;4.2.1;false;false
BOOKKEEPER;org.apache.bookkeeper.util;HardLinkCGWin;getLinkMultArgLength;4.1.0;true;true
BOOKKEEPER;org.apache.bookkeeper.util;HardLinkCGWin;getLinkMultArgLength;4.1.1;false;false
BOOKKEEPER;org.apache.bookkeeper.util;HardLinkCGWin;getLinkMultArgLength;4.2.0;false;false
BOOKKEEPER;org.apache.bookkeeper.util;HardLinkCGWin;getLinkMultArgLength;4.2.1;false;false
BOOKKEEPER;org.apache.hedwig.jms.spi;HedwigMessagingSessionFacade;deliver;4.2.1;false;false
BOOKKEEPER;org.apache.hedwig.client.netty;NetUtils;buildPublishRequest;4.1.1;false;false
BOOKKEEPER;org.apache.hedwig.client.netty;NetUtils;buildPublishRequest;4.2.0;false;false
BOOKKEEPER;org.apache.hedwig.client.netty;NetUtils;buildPublishRequest;4.2.1;false;false
BOOKKEEPER;org.apache.hedwig.protocol;Builder;getKey;4.1.1;false;false
BOOKKEEPER;org.apache.hedwig.protocol;Builder;getKey;4.2.0;true;true
BOOKKEEPER;org.apache.hedwig.protocol;Builder;getKey;4.2.1;true;true
BOOKKEEPER;org.apache.hedwig.protocol;Builder;clearStopDeliveryRequest;4.0.0;false;false
BOOKKEEPER;org.apache.hedwig.protocol;Builder;clearStopDeliveryRequest;4.1.0;false;false
BOOKKEEPER;org.apache.hedwig.protocol;Builder;clearStopDeliveryRequest;4.1.1;false;false
BOOKKEEPER;org.apache.hedwig.protocol;Builder;clearStopDeliveryRequest;4.2.0;false;false
BOOKKEEPER;org.apache.hedwig.protocol;Builder;clearStopDeliveryRequest;4.2.1;false;false
BOOKKEEPER;org.apache.hedwig.protocol;UnsubscribeRequest;writeReplace;4.1.1;false;false
BOOKKEEPER;org.apache.hedwig.protocol;UnsubscribeRequest;writeReplace;4.2.0;false;false
BOOKKEEPER;org.apache.hedwig.protocol;UnsubscribeRequest;writeReplace;4.2.1;false;false
BOOKKEEPER;org.apache.hedwig.jms.selector;BetweenExpr;handleBetweenIntAndInt;4.2.1;false;false
BOOKKEEPER;org.apache.hedwig.jms;ConnectionImpl;setExceptionListener;4.2.1;false;false
BOOKKEEPER;org.apache.bookkeeper.meta;MsLedgerManager;close;4.1.1;true;true
BOOKKEEPER;org.apache.bookkeeper.meta;MsLedgerManager;close;4.2.0;true;true
BOOKKEEPER;org.apache.bookkeeper.meta;MsLedgerManager;close;4.2.1;false;false
BOOKKEEPER;org.apache.bookkeeper.bookie;LedgerDescriptorReadOnlyImpl;setFenced;4.1.0;false;false
BOOKKEEPER;org.apache.bookkeeper.bookie;LedgerDescriptorReadOnlyImpl;setFenced;4.1.1;false;false
BOOKKEEPER;org.apache.bookkeeper.bookie;LedgerDescriptorReadOnlyImpl;setFenced;4.2.0;false;false
BOOKKEEPER;org.apache.bookkeeper.bookie;LedgerDescriptorReadOnlyImpl;setFenced;4.2.1;false;false
BOOKKEEPER;org.apache.hedwig.protocol;SubscribeRequestOrBuilder;getSynchronous;4.1.1;false;false
BOOKKEEPER;org.apache.hedwig.protocol;SubscribeRequestOrBuilder;getSynchronous;4.2.0;false;false
BOOKKEEPER;org.apache.hedwig.protocol;SubscribeRequestOrBuilder;getSynchronous;4.2.1;false;false
BOOKKEEPER;org.apache.hedwig.protocol;Builder;clearSubscriberId;4.0.0;false;false
BOOKKEEPER;org.apache.hedwig.protocol;Builder;clearSubscriberId;4.1.0;false;false
BOOKKEEPER;org.apache.hedwig.protocol;Builder;clearSubscriberId;4.1.1;true;true
BOOKKEEPER;org.apache.hedwig.protocol;Builder;clearSubscriberId;4.2.0;true;true
BOOKKEEPER;org.apache.hedwig.protocol;Builder;clearSubscriberId;4.2.1;false;false
BOOKKEEPER;org.apache.hedwig.protocol;LedgerRangesOrBuilder;getRangesCount;4.1.1;false;false
BOOKKEEPER;org.apache.hedwig.protocol;LedgerRangesOrBuilder;getRangesCount;4.2.0;false;false
BOOKKEEPER;org.apache.hedwig.protocol;LedgerRangesOrBuilder;getRangesCount;4.2.1;false;false
BOOKKEEPER;org.apache.bookkeeper.meta;AbstractZkLedgerManager;close;4.0.0;false;false
BOOKKEEPER;org.apache.bookkeeper.meta;AbstractZkLedgerManager;close;4.1.0;false;false
BOOKKEEPER;org.apache.bookkeeper.meta;AbstractZkLedgerManager;close;4.1.1;false;false
BOOKKEEPER;org.apache.bookkeeper.meta;AbstractZkLedgerManager;close;4.2.0;false;false
BOOKKEEPER;org.apache.bookkeeper.meta;AbstractZkLedgerManager;close;4.2.1;false;false
BOOKKEEPER;org.apache.bookkeeper.bookie;EntryLogger;scanEntryLog;4.1.0;false;false
BOOKKEEPER;org.apache.bookkeeper.bookie;EntryLogger;scanEntryLog;4.1.1;false;false
BOOKKEEPER;org.apache.bookkeeper.bookie;EntryLogger;scanEntryLog;4.2.0;false;false
BOOKKEEPER;org.apache.bookkeeper.bookie;EntryLogger;scanEntryLog;4.2.1;false;false
BOOKKEEPER;org.apache.hedwig.server.persistence;PersistRequest;getTopic;4.0.0;false;false
BOOKKEEPER;org.apache.hedwig.server.persistence;PersistRequest;getTopic;4.1.0;false;false
BOOKKEEPER;org.apache.hedwig.server.persistence;PersistRequest;getTopic;4.1.1;false;false
BOOKKEEPER;org.apache.hedwig.server.persistence;PersistRequest;getTopic;4.2.0;true;true
BOOKKEEPER;org.apache.hedwig.server.persistence;PersistRequest;getTopic;4.2.1;true;true
BOOKKEEPER;org.apache.bookkeeper.bookie;MarkerFileChannel;implCloseChannel;4.0.0;false;false
BOOKKEEPER;org.apache.bookkeeper.bookie;MarkerFileChannel;implCloseChannel;4.1.0;false;false
BOOKKEEPER;org.apache.bookkeeper.bookie;MarkerFileChannel;implCloseChannel;4.1.1;false;false
BOOKKEEPER;org.apache.bookkeeper.bookie;MarkerFileChannel;implCloseChannel;4.2.0;false;false
BOOKKEEPER;org.apache.bookkeeper.bookie;MarkerFileChannel;implCloseChannel;4.2.1;false;false
BOOKKEEPER;org.apache.hedwig.jms.spi;HedwigMessagingSessionFacade;subscribeToTopic;4.2.1;false;false
BOOKKEEPER;org.apache.hedwig.protocol;Message;getHeader;4.1.1;false;false
BOOKKEEPER;org.apache.hedwig.protocol;Message;getHeader;4.2.0;false;false
BOOKKEEPER;org.apache.hedwig.protocol;Message;getHeader;4.2.1;false;false
BOOKKEEPER;org.apache.hedwig.client.netty;HChannelManager;submitOpToDefaultServer;4.1.1;false;false
BOOKKEEPER;org.apache.hedwig.client.netty;HChannelManager;submitOpToDefaultServer;4.2.0;false;false
BOOKKEEPER;org.apache.hedwig.client.netty;HChannelManager;submitOpToDefaultServer;4.2.1;false;false
BOOKKEEPER;org.apache.bookkeeper.proto;Builder;hasPassword;4.1.1;false;false
BOOKKEEPER;org.apache.bookkeeper.proto;Builder;hasPassword;4.2.0;false;false
BOOKKEEPER;org.apache.bookkeeper.proto;Builder;hasPassword;4.2.1;false;false
BOOKKEEPER;org.apache.hedwig.server.meta;SubscriptionDataManager;replaceSubscriptionData;4.1.1;false;false
BOOKKEEPER;org.apache.hedwig.server.meta;SubscriptionDataManager;replaceSubscriptionData;4.2.0;true;true
BOOKKEEPER;org.apache.hedwig.server.meta;SubscriptionDataManager;replaceSubscriptionData;4.2.1;true;true
BOOKKEEPER;org.apache.hedwig.jms.message.header;Builder;getDoubleValue;4.2.1;false;false
BOOKKEEPER;org.apache.hedwig.jms;MessagingSessionFacade;subscribeToTopic;4.2.1;false;false
BOOKKEEPER;org.apache.hedwig.server.persistence;PersistenceManager;stop;4.1.1;false;false
BOOKKEEPER;org.apache.hedwig.server.persistence;PersistenceManager;stop;4.2.0;false;false
BOOKKEEPER;org.apache.hedwig.server.persistence;PersistenceManager;stop;4.2.1;false;false
BOOKKEEPER;org.apache.hedwig.util;DirDeleterThred;deleteDirectory;4.0.0;false;false
BOOKKEEPER;org.apache.hedwig.util;DirDeleterThred;deleteDirectory;4.1.0;false;false
BOOKKEEPER;org.apache.hedwig.util;DirDeleterThred;deleteDirectory;4.1.1;false;false
BOOKKEEPER;org.apache.hedwig.util;DirDeleterThred;deleteDirectory;4.2.0;false;false
BOOKKEEPER;org.apache.hedwig.util;DirDeleterThred;deleteDirectory;4.2.1;false;false
BOOKKEEPER;org.apache.bookkeeper.proto;BookieNettyServer;start;4.2.1;false;false
BOOKKEEPER;org.apache.bookkeeper.proto;CookieFormat;hasBookieHost;4.1.1;false;false
BOOKKEEPER;org.apache.bookkeeper.proto;CookieFormat;hasBookieHost;4.2.0;false;false
BOOKKEEPER;org.apache.bookkeeper.proto;CookieFormat;hasBookieHost;4.2.1;false;false
BOOKKEEPER;org.apache.hedwig.protocol;MessageSeqIdOrBuilder;getLocalComponent;4.1.1;false;false
BOOKKEEPER;org.apache.hedwig.protocol;MessageSeqIdOrBuilder;getLocalComponent;4.2.0;true;true
BOOKKEEPER;org.apache.hedwig.protocol;MessageSeqIdOrBuilder;getLocalComponent;4.2.1;true;true
BOOKKEEPER;org.apache.hedwig.protocol;PublishResponse;isInitialized;4.1.1;false;false
BOOKKEEPER;org.apache.hedwig.protocol;PublishResponse;isInitialized;4.2.0;false;false
BOOKKEEPER;org.apache.hedwig.protocol;PublishResponse;isInitialized;4.2.1;false;false
BOOKKEEPER;org.apache.hedwig.client.api;Publisher;publish;4.0.0;false;false
BOOKKEEPER;org.apache.hedwig.client.api;Publisher;publish;4.1.0;false;false
BOOKKEEPER;org.apache.hedwig.client.api;Publisher;publish;4.1.1;false;false
BOOKKEEPER;org.apache.hedwig.client.api;Publisher;publish;4.2.0;true;true
BOOKKEEPER;org.apache.hedwig.client.api;Publisher;publish;4.2.1;true;true
